{
    "Version": "2012-10-17",
    "Id": "default",
    "Statement": [
      {
        "Sid": "invokefunction",
        "Effect": "Allow",
        "Principal": {
          "Service": "bedrock.amazonaws.com"
        },
        "Action": "lambda:InvokeFunction",
        "Resource": "arn:aws:lambda:us-east-1:{Accountnumber}:function:{functionname}",
        "Condition": {
          "ArnLike": {
            "AWS:SourceArn": "arn:aws:bedrock:us-east-1:{Accountnumber}:agent/{agentID}"
          }
        }
      }
    ]
  }